facility_class,energy_star_rating_imp
Commercial,61.957571376942504
Educational,62.592964707250474
Flex_space,46.722435897435936
Food_services,46.89940828402367
Health_care,46.601656314699795
Hotel,50.714108418218125
Industrial,62.77309027777777
Office,70.38917110266104
Public_Assembly,56.11178934769609
Public_safety,43.380707395498405
Residential,59.04471655328715
Retail,58.44019878520152
Services,50.221705426356586
Warehouse,68.0348522167488
Warehouse_cold,70.71119964586096
